,Target,x1,x2,x3,x4,x5,x6,x7
UNIT,m,m,s,mol,K,A,kg,cd
HIST_1986,31.82082490529877,12.588674774171116,12.584121431503132,12.38773514115836,12.319586727569014,12.389322966526247,12.45798720611843,12.505155127361236
HIST_1987,30.095264211096985,12.523673352939332,12.509582480840605,12.471368848853771,12.60025730588208,12.49415432346211,12.555671420984076,12.574911073765817
HIST_1988,30.8671131573908,12.337442359442443,12.414170755224028,12.496014451653744,12.392494225630378,12.541276437442349,12.420077110387194,12.345749045232692
HIST_1989,30.75302676007411,12.555756400581458,12.515230265270509,12.40735817401581,12.473190945781605,12.54682854702686,12.53651639591642,12.527078797917005
HIST_1990,33.48412384835502,12.401336604907035,12.403957255878602,12.334161666258009,12.364910418577818,12.386012998528878,12.379666758669028,12.37978197116546
HIST_1991,30.41492978051738,12.357071020236251,12.393160839384626,12.343337821728142,12.39567089459666,12.476120874688462,12.474401674685058,12.44974398510101
HIST_1992,32.94540243476157,12.728616608752487,12.692305568387528,12.602200205375116,12.601524149531874,12.602421842053356,12.617241569833848,12.624297130153138
HIST_1993,30.761204731747725,12.615845389300716,12.470054916362372,12.517688578343463,12.457977383811391,12.403134259187446,12.436288702354105,12.484868279045273
HIST_1994,33.4442703416498,12.5726408931772,12.465958105615684,12.516647315581498,12.598564552836947,12.662952635802116,12.645195019439598,12.594240093729583
HIST_1995,32.97526127985182,12.683971491328432,12.646575219173302,12.59764100830608,12.556769883500234,12.562864571974398,12.514091349300855,12.650440899331723
HIST_1996,36.73731599245168,12.50583887428938,12.416636532954309,12.480436172469162,12.36266709964298,12.331975944419735,12.42815576585841,12.59612717479188
HIST_1997,31.866547262868792,12.446400898296057,12.430587299847485,12.30928435590499,12.349795909232157,12.355399863137608,12.430874342792658,12.586706266344429
HIST_1998,30.73327750955997,12.611114320516418,12.5219520379931,12.529904899003052,12.518203820651191,12.558776541049918,12.62338714696979,12.677359225129532
HIST_1999,32.746070524263644,12.62153071297162,12.653303852247369,12.494846595719777,12.523660305078828,12.567895521820214,12.564759684784296,12.62338332193432
HIST_2000,29.194812566183767,12.607147868852577,12.630433049077071,12.534293551033972,12.472445021017515,12.570912079746837,12.574633232040943,12.575206763039548
HIST_2001,31.831984689888067,12.6212258008428,12.5920055072561,12.558899413886204,12.498700116998537,12.499966223123945,12.657928234582611,12.609059155330248
HIST_2002,30.012200651364758,12.642438510058746,12.669078080570332,12.646580460429274,12.633498926238817,12.602176491440051,12.60448212799603,12.68403584314558
HIST_2003,29.432917877505822,12.602885459151135,12.543308502696084,12.544553624217242,12.343071824051412,12.432520744396829,12.52558785468839,12.66876236085344
HIST_2004,32.233026367717166,12.629462923359046,12.624512604890496,12.610711211294868,12.59050216811462,12.52627817646274,12.57154047875834,12.58937609578015
HIST_2005,30.720422049654275,12.613977613607055,12.539999897538358,12.562209034516204,12.607984588743877,12.603179862239053,12.581121624791743,12.649525072662966
RCP85_2006,30.54555004707557,12.63791121046062,12.6282460116841,12.593420261878157,12.5757499885425,12.501520443514451,12.53993171401259,12.55339300168728
RCP85_2007,32.7709498471195,12.622953995206275,12.494476704857268,12.465574998698944,12.447142817490867,12.567554646421575,12.51463474477757,12.633007570982674
RCP85_2008,32.510884200387856,12.530615594501327,12.485634105211592,12.497509310479874,12.358644267297668,12.377015287373016,12.356640078825269,12.393026719230129
RCP85_2009,31.2463775512209,12.522715538819869,12.456627032691896,12.430608481379952,12.441904970294717,12.526075845721277,12.543084315000009,12.580212458403928
RCP85_2010,31.84424980269296,12.686796439591124,12.555409428270725,12.595289958425706,12.581484975359633,12.58101583094872,12.643933441103671,12.64541184008261
RCP85_2011,33.84739677880608,12.584360674580669,12.492096661723089,12.454389695864908,12.480954485690482,12.444886617417255,12.61520858319402,12.60642912447284
RCP85_2012,36.21277306235278,12.50306358284912,12.406331009748568,12.411511482090804,12.494242906646267,12.563436349676504,12.575805587016063,12.611878349538504
RCP85_2013,33.06308082678442,12.670977828947183,12.622158317113746,12.574656354841968,12.693495005764756,12.697368060640668,12.703673720328547,12.67071160064378
RCP85_2014,34.08027264142741,12.67448152214786,12.664608087695669,12.64924532361592,12.599769949537968,12.563983723844707,12.584560005751634,12.60610890870832
RCP85_2015,32.373762114997085,12.46506247427609,12.413370792675838,12.422177621546313,12.398363133178602,12.434705132180255,12.439143299024533,12.550746903934344
RCP85_2016,33.81854248761062,12.643551803537,12.538925182209294,12.493574275471634,12.384563653130655,12.312281820665993,12.465986456984355,12.52707528867476
RCP85_2017,36.47147264885098,12.604610048442236,12.55797701417154,12.658128515920568,12.63277764816496,12.59613537445566,12.576294383696538,12.496526630313436
RCP85_2018,34.4227320039466,12.405143723889884,12.449580411859383,12.447155056588835,12.476193139135146,12.487386253651842,12.47374886387319,12.511403296648702
RCP85_2019,30.8576097252847,12.62871189926821,12.55648443027626,12.543592528742067,12.501050255170917,12.518957647171652,12.697027778092764,12.710636900441044
RCP85_2020,30.99900517748196,12.68915864720626,12.66531068235133,12.689952757139476,12.599936491602408,12.581872876533556,12.596826891877216,12.75337289472724
RCP85_2021,32.64436695230029,12.649781000092691,12.63010692368176,12.610229194805614,12.60138857470874,12.589625551417186,12.635833693037702,12.68620898188521
RCP85_2022,35.16316631636837,12.695092481334074,12.643516739782822,12.53785789443744,12.526988928278008,12.552078877231413,12.687774777201868,12.765980750545513
RCP85_2023,33.51755868038573,12.627300021335502,12.557643754071604,12.65422323147906,12.669579635634022,12.703326294324276,12.654651694274149,12.640163294446223
RCP85_2024,32.689267585715896,12.688296200419456,12.723011385978504,12.718919353359802,12.666978804739385,12.672890741535769,12.667141532031913,12.755010148061167
RCP85_2025,31.838848327152157,12.73886271551513,12.668746693032617,12.660032699124088,12.61069106855176,12.658632393451487,12.650155719686712,12.544823743439318
RCP85_2026,30.459054657018797,12.525593394285975,12.482285783645334,12.522686078979238,12.561324299560102,12.520112674749404,12.53361475451619,12.598771317971702
RCP85_2027,33.76685608365597,12.62019518212211,12.6543166416264,12.666307094950938,12.605041103394958,12.633300932348146,12.675075950658462,12.73339146825149
RCP85_2028,31.20056647511725,12.772956205100686,12.71184355331963,12.689672712348797,12.724227518106348,12.679570079488458,12.68403913800618,12.72952663357975
RCP85_2029,31.98752905429473,12.757020199108617,12.691052681667191,12.689199637843927,12.643369866353524,12.675743606356958,12.71644130350228,12.689953079844646
RCP85_2030,32.20395178388378,12.680127676313392,12.686886797793052,12.675489832962404,12.61266389786964,12.525213361848166,12.505875665787368,12.633497355616615
RCP85_2031,35.41041906610249,12.61542726395695,12.61696709340163,12.680637036067342,12.667606460107326,12.5799702205992,12.59519364918768,12.736691353929588
RCP85_2032,32.62599708399649,12.74231503184836,12.615921463043184,12.681165672552051,12.702522617661756,12.649209240952782,12.812958342931257,12.860701366108987
RCP85_2033,28.518161379621034,12.79444821632772,12.721701844001398,12.81066690457776,12.85101870341272,12.832494640701617,12.81188121935377,12.79336055490635
RCP85_2034,29.304130920901308,12.701437240925904,12.635068216032357,12.629459580201628,12.672606834862687,12.69553966909214,12.613505132123176,12.600481658803051
RCP85_2035,32.00660297348215,12.665890899317777,12.509041361752676,12.662035353747312,12.763909190227013,12.655327273973594,12.639966415544636,12.70196452282513
RCP85_2036,31.37326237302327,12.68846251272326,12.64309938581597,12.627239143251328,12.68288410372573,12.763315480123728,12.686523636480526,12.785022754624068
RCP85_2037,32.221447919688835,12.783656069025628,12.72671325428563,12.78179717845224,12.81666997051591,12.853236630260112,12.852130058508273,12.82797241379498
RCP85_2038,29.34958773257363,12.724892232962352,12.788027325828288,12.8710098009573,12.808807269587136,12.868886747446265,12.94439576009993,12.915034954597427
RCP85_2039,28.401570073749134,12.710871868696888,12.808542239466714,12.796377665171788,12.892381912855027,12.932583477195596,12.911917382116233,12.866336141198737
RCP85_2040,29.185757539331107,12.69870000417599,12.77374256085966,12.767788777900297,12.769132994470228,12.88261445144075,12.804860822401873,12.775992590101822
RCP85_2041,31.93691350655172,12.848814341086364,12.82770680030951,12.749784253518524,12.774875449085895,12.847510329716204,12.827451938114187,12.89813027944358
RCP85_2042,31.678306988982367,12.843405702915422,12.807274838636909,12.800854730773304,12.727812206807346,12.721297447659476,12.76313197270419,12.82157187366921
RCP85_2043,32.60576551581113,12.695265951440977,12.82921249582871,12.67718365806409,12.687412359837465,12.580114916361376,12.62982184242778,12.857678191764352
RCP85_2044,31.190576476530826,12.812933198630772,12.789245878098605,12.784173688016493,12.7464559635363,12.703921370457271,12.707134880670624,12.78289991207446
RCP85_2045,32.26209285196356,12.869518683998985,12.779315696618928,12.639790778199576,12.634002890766562,12.69319813150936,12.726306229534408,12.69439378075872
RCP85_2046,31.635163649255464,12.78369459152328,12.819258540873214,12.7038567667522,12.653062773343729,12.679915191444897,12.65262731392169,12.61983008688472
RCP85_2047,32.428866552117064,12.64581166126904,12.586259083042451,12.728081532865923,12.686656401209424,12.653368399560412,12.77550839446447,12.710395071973569
RCP85_2048,33.1831462278562,12.661586256664368,12.787480492358895,12.817525872592524,12.826444887407993,12.8050420070251,12.828118705225064,12.776423974771228
RCP85_2049,30.627622806094816,12.787100124712422,12.853636327341665,12.754154791572,12.71829263052862,12.742527383473686,12.67036514936824,12.78544755782008
RCP85_2050,27.3224659293558,12.864510557435755,12.761751919745802,12.744726097070917,12.736906572055414,12.666728746473916,12.840555113340091,12.914096641908024
RCP85_2051,30.538450993090944,12.86459138578376,12.8343796881286,12.82091548490318,12.822491410071851,12.812459882150373,12.789062196122488,12.850217345844774
RCP85_2052,25.263485426631068,12.869232688717066,12.904565397029437,12.83856337855359,12.801656367320946,12.818544525980457,12.861714602725751,12.943387201927957
RCP85_2053,32.74137922813012,12.843146841891512,12.866573070385387,12.847375687798946,12.726664682232956,12.825429809637546,12.798022995089315,12.805736528872638
RCP85_2054,31.07839705355212,12.975853386421162,12.78373737498914,12.671725651880536,12.652561496673394,12.67153100535432,12.872593014873384,12.872521482017651
RCP85_2055,26.462609937761066,12.843901357364349,12.792196257263766,12.777085078183148,12.820669325103331,12.842444564866776,12.860893429938878,12.837752880205896
RCP85_2056,29.13799630284108,12.912792622282431,12.967187017800654,12.894957783804982,12.838013222269604,12.867620432183069,12.948946966846808,12.869721798609907
RCP85_2057,29.39525848644947,12.977908052867182,12.879796717377472,12.815396889953194,12.776645636324822,12.769621012526152,12.973159995721234,12.986812424274037
RCP85_2058,28.609786599926963,12.927321734226178,12.905329632811965,12.831273926978197,12.890053150255945,12.917685587215136,12.880659427406592,12.895189473866708
RCP85_2059,33.24025766426006,12.761861829656532,12.84889228204174,12.85955840727568,12.797800295341192,12.86226973387992,12.94071025630623,12.972665004036106
RCP85_2060,28.19002470773531,13.050076883924255,13.018174948297617,12.968753226389811,12.925248544107474,12.979604496667298,13.015668804624609,13.043665438831065
RCP85_2061,31.76561334240621,12.983194680520445,13.070584222575103,13.030264994729023,13.019739765641228,12.943479579053152,12.91555127643602,12.896946157965962
RCP85_2062,32.608874691756505,13.041530344953625,13.045575602504458,12.97737169304185,12.913143610082669,12.896945786744332,12.942771474465475,12.900824615493578
RCP85_2063,28.483299793855384,12.869135981687998,12.863890836929482,12.985923360607694,13.000638184517992,12.983787217864938,13.099402559763035,13.040364925748827
RCP85_2064,26.55898840009497,13.033900489378912,13.075430058966212,13.045376666459587,12.982207549416628,12.996367181782952,13.011844462673244,13.04623128417185
RCP85_2065,28.34004748706765,12.96488512129802,12.857041328318736,12.835058850212196,12.907283345481774,12.96303059144315,12.976399247235332,13.010285026246573
RCP85_2066,28.33209710758726,12.94636564456626,12.948682146663293,12.924747313483437,12.972963890945117,13.000535567224489,13.020332414459569,13.04292539417606
RCP85_2067,25.56523225104832,13.204415811709984,13.10630320888724,12.93365321576336,12.690370161566388,12.938020622530043,12.996423824140226,13.062773236187557
RCP85_2068,27.791963029943656,13.026494363888135,12.998025168788622,13.067993933293035,13.066243178206005,13.11592729126144,13.138952520333024,13.175756307063503
RCP85_2069,27.728687664696544,12.99300543625185,12.933533140836648,12.939034060164817,12.918696347747396,12.898070305935413,12.91837637319573,12.992939656541274
RCP85_2070,24.635928666441103,13.084267390055423,13.019528771236104,12.954368207655472,13.048764019249823,13.141552968025582,13.05823374577521,13.056766920449036
RCP85_2071,29.53581460664364,13.020572536791535,13.033110406417372,12.946750126771825,12.92878401204132,13.094177701986862,13.120055280037988,13.119947650223638
RCP85_2072,29.241181859481376,13.10297292756642,13.060234095014035,13.062124553156876,13.132435730366526,13.081118298934554,13.020735125475191,13.148462465706723
RCP85_2073,28.524029113092546,13.114592492579431,13.036031619188112,13.00120633496586,12.965816121345274,13.00148832223965,13.089725454746604,13.046631003262524
RCP85_2074,28.21816599575969,13.01379955355114,13.017790328152252,12.880770552064831,12.866759703083076,13.002973578303262,13.128172318465902,13.145201240489891
RCP85_2075,23.97643741218427,13.05627208874862,12.989367049653904,13.007176636848593,13.105299234207912,13.134429567126194,13.129531629600471,13.115069242462004
RCP85_2076,27.989380668858058,13.008135105749975,13.103104020922158,13.036189697220092,12.997726073258818,13.001197336291622,13.03448976061724,13.110928548646296
RCP85_2077,27.050751547056244,13.051095739535931,13.069592103466402,13.068738061930253,13.012975916628886,12.95635213997601,12.947584766511987,13.115244633561977
RCP85_2078,28.25275580116992,13.14688955151002,13.137838138640436,13.1323414101788,13.068337923932123,13.00513566509508,12.913888158568213,13.077260974726084
RCP85_2079,29.689680588094983,13.097566035868352,12.95164631449129,12.837119865533497,12.895049445595232,12.986672104718968,13.084279198773416,13.156755882849192
RCP85_2080,32.38235140054391,13.05076456981002,13.018695412826066,13.014329526930087,12.972174015615774,12.888936032364407,12.908552526542856,13.053930762119128
RCP85_2081,27.909418013311797,13.06080473122787,12.92865614178508,13.028660354883815,13.082754409796925,13.059538285759889,13.108470657265364,13.067958995690834
RCP85_2082,28.8702060185856,13.08717205745042,13.071827397544446,13.047006593278804,13.147336385933762,13.124382850637904,13.068995302293793,13.123251480477313
RCP85_2083,28.113257163255703,13.06195713879407,12.94052120897532,13.103035945123086,13.152790617469051,13.091573156914896,13.067112378307485,13.113087031823436
RCP85_2084,30.700902979452746,13.18068779677126,13.177660719130545,13.08411704261042,13.066001701943703,13.030381927755055,13.101648961532916,13.134271483827035
RCP85_2085,27.612577863513422,13.271128158064773,13.22883407422176,13.105997408922564,13.177155245224936,13.183251415970249,13.1967647309783,13.278252119497491
RCP85_2086,31.941146120915608,13.167212056050676,13.12018214542111,13.2077222271092,13.12741961204499,13.127878865865776,13.12707166268411,13.182801756792047
RCP85_2087,30.55657054484518,13.291711939292496,13.302479873213118,13.279614007199298,13.189200036057557,13.252495349909166,13.054441273075934,13.031909516495626
RCP85_2088,28.3939787863724,13.152388658894724,13.096511427662088,13.04255842429192,12.959913676617289,13.00627382897091,13.19262977959584,13.293362850969386
RCP85_2089,26.32921983110876,13.165296629240254,13.128319987039529,12.998811017804416,12.982288157890515,13.103116835839312,13.141711287903137,13.153991048768942
RCP85_2090,25.70959809535412,13.331946987505455,13.221298085221251,13.15245573300692,13.190888157767652,13.228114334357262,13.2863822797704,13.20705404976832
RCP85_2091,28.96796752838892,13.201589879294064,13.20247642571713,13.1115000194864,13.072745143555029,13.169272212809998,13.189754016732474,13.209381075385728
RCP85_2092,30.983972482325264,13.195857961982462,13.174390971520108,13.0907403288148,13.122437969931587,13.175212849241388,13.093263569039364,13.17579157497318
RCP85_2093,24.36618357188154,13.345254781148672,13.307444000193067,13.29510228375224,13.271753806092466,13.26962477003072,13.262768413505324,13.214262175994277
RCP85_2094,28.56210944213008,13.372318801039542,13.27675525887838,13.27545510660003,13.271250098503977,13.270319703023851,13.299859831715414,13.24786741924695
RCP85_2095,27.561654068231533,13.305442225201514,13.114516090040665,13.204681997977175,13.191210353394451,13.219541633065004,13.338681084720848,13.256164942719714
RCP85_2096,33.634343280967215,13.123997249680915,13.210378973955953,13.223997899659988,13.229052027489066,13.303824132395802,13.340498461202603,13.34568068561411
RCP85_2097,31.23828949153052,13.250022431289205,13.276450912580122,13.230373167253967,13.11561512170333,13.193812402554451,13.196073994590778,13.32980907082034
RCP85_2098,32.353431809406885,13.349678673396722,13.301578426637302,13.175006703348547,13.025843735674412,13.237934923317647,13.23976258463154,13.189868113871858
RCP85_2099,31.19198040694858,13.26043084128436,13.285009919778012,13.284957936483176,13.286892796499352,13.2079973653692,13.201140585070863,13.284265660302896
RCP45_2006,29.6933952591074,12.63791121046062,12.62829156175425,12.567917041010036,12.570095963116312,12.496569893516838,12.500043466262277,12.634295087047027
RCP45_2007,32.905677262827155,12.68008354795541,12.655279426913289,12.613346035444964,12.68247868923938,12.600148890701774,12.425159401508298,12.509146189652173
RCP45_2008,31.839352305215144,12.66864175333561,12.720991013110186,12.711374035496988,12.658385372528135,12.63188447738948,12.606009070734336,12.57336248231914
RCP45_2009,29.587307445877983,12.68751772784061,12.646204860592205,12.572593422098263,12.52596349752201,12.52527741872458,12.592680597598498,12.560295669273808
RCP45_2010,30.71367899098141,12.699786295560497,12.517852864212532,12.427337307171532,12.45604064290207,12.49371367567496,12.551707719170148,12.536002224773336
RCP45_2011,32.457535798890575,12.551630498188874,12.445677065709791,12.414929376204189,12.4878759055485,12.542394165464223,12.554233151432424,12.630047128952132
RCP45_2012,31.174300689017837,12.66218045449261,12.627264104408138,12.623417374519205,12.576790130709613,12.536247474452388,12.604543413409598,12.654887372305556
RCP45_2013,32.98071519463183,12.688955178231495,12.616694933206956,12.593240974029934,12.609100920140396,12.487582939473764,12.50795706566387,12.6841596060579
RCP45_2014,35.60828688429798,12.659763350464967,12.59531753917014,12.58879563775685,12.64542125340108,12.623794828229128,12.616655266491266,12.658514313005208
RCP45_2015,34.04382399901195,12.727767066593607,12.64904228409518,12.579366080102664,12.402049101855216,12.571186446729753,12.705227943458771,12.754937484643907
RCP45_2016,34.98559346786329,12.562023221419429,12.500187033895248,12.428850387131725,12.496770347353833,12.448566349608006,12.441610551531864,12.481994124067212
RCP45_2017,32.89396692571577,12.706472020795765,12.625247779026456,12.471039886215353,12.492883982721915,12.54992141619498,12.666945421225474,12.560067770044974
RCP45_2018,32.2971932864626,12.533396135194414,12.47676017110974,12.648425812885836,12.530512799129228,12.542320260753703,12.656301652820252,12.745284899094829
RCP45_2019,33.74283575168546,12.697336440871114,12.660839500239394,12.64374307312858,12.647887284964831,12.548352117763113,12.529946638440707,12.534680319338516
RCP45_2020,29.534698493405084,12.6792281122107,12.680793076705392,12.65069391350455,12.575251586449816,12.655366112305336,12.649843164555271,12.611735006587226
RCP45_2021,29.094384186871263,12.749774051832969,12.751218986565531,12.76438375446507,12.73893749698194,12.68490288570128,12.697800933956511,12.70847163602236
RCP45_2022,30.17721238626362,12.66718787070719,12.655361452902286,12.593096057672712,12.605242760199523,12.533274660865215,12.544792391469969,12.607529219411056
RCP45_2023,35.33108120877436,12.725479005372575,12.687268673630829,12.635114903794886,12.623074098595168,12.65720428405093,12.686392261594934,12.75455656575091
RCP45_2024,33.86382403041044,12.698989373770804,12.657673266272818,12.65468451381701,12.65915014899678,12.705714686376654,12.622693720666616,12.562092380516786
RCP45_2025,31.82590356180239,12.589701395600006,12.530262852823691,12.546668125193433,12.467705281008918,12.430203725415748,12.51503223119779,12.59900978013414
RCP45_2026,31.171996622689576,12.487096667595502,12.540578152132008,12.527730147575165,12.55668723818,12.514884545299283,12.64068374177542,12.537995574943118
RCP45_2027,33.34011504419764,12.47912407411648,12.508016015287629,12.4236553005028,12.473910654611222,12.55330384936607,12.499172963755656,12.550327923297106
RCP45_2028,31.91844612910844,12.42269079050499,12.552469770142958,12.601164032633957,12.477624756739122,12.484324567387064,12.529691393696094,12.536807620673526
RCP45_2029,32.08427567178089,12.628528419571982,12.57070574561287,12.552482325524114,12.51773481347796,12.469936296120446,12.657138820131888,12.705546436101
RCP45_2030,31.001570982549804,12.884692897978931,12.71694037704775,12.606509645606003,12.576949177388022,12.630601407212364,12.763345891676094,12.831276524233363
RCP45_2031,31.130689654465066,12.732826562424703,12.67989018487915,12.632365851685304,12.665944488323346,12.626222580305908,12.730140172830495,12.77537916761289
RCP45_2032,37.34099435932151,12.762010867019336,12.7565615254329,12.705117343612782,12.691538667667771,12.65485553106771,12.637129081686096,12.726563618885928
RCP45_2033,33.73975174657976,12.775628164256306,12.71380952979694,12.637538510335162,12.592623155332369,12.699802749117657,12.79895034103365,12.637095171110143
RCP45_2034,30.70603936437613,12.652454282765468,12.63055103768784,12.675966730415611,12.687341353241358,12.538268095226831,12.544129115796446,12.50935738485862
RCP45_2035,31.01078603943155,12.698375416618202,12.66319493091292,12.654476755431745,12.618572076136696,12.531394597261732,12.568929826488992,12.68351829746674
RCP45_2036,34.19582266415735,12.677143202494811,12.618262290270836,12.561823819136505,12.656651720092595,12.6680299357935,12.731063610690274,12.60428089528694
RCP45_2037,30.415836899400627,12.657014167877485,12.578060707680397,12.661720153109249,12.736070940534049,12.79725570220362,12.788269539055923,12.775764374137172
RCP45_2038,33.30169381249549,12.804928118193637,12.742623465154283,12.753256035836552,12.692250621712086,12.616289437505872,12.619922335262066,12.702849454530025
RCP45_2039,30.947615014879503,12.65681408781901,12.572036784510562,12.593366164912783,12.74762908925623,12.805819335214036,12.759006556685405,12.791349060709846
RCP45_2040,30.00686763776582,12.80685141890135,12.78424189103785,12.721843297831462,12.734337507068933,12.773491376069254,12.779105763034003,12.71659110168935
RCP45_2041,30.37883476610738,12.778783714728169,12.7755729464748,12.703635109968095,12.783216418193565,12.77425376500412,12.75791813968337,12.771977418051751
RCP45_2042,33.21237865037183,12.815225401569544,12.635341948666792,12.563563792533992,12.556677059294,12.5773065102811,12.658575360528522,12.748695102783604
RCP45_2043,35.59345067451959,12.642162979601968,12.73619537972908,12.62764477349278,12.634092140134385,12.55661653185189,12.624449865613178,12.627970199128116
RCP45_2044,34.71601590815954,12.550735975822342,12.451097344580534,12.401389652651003,12.542853953344569,12.537658194004116,12.461534610929672,12.403998053055425
RCP45_2045,32.652408570830154,12.582706014402069,12.544207066530223,12.457511992086816,12.440741789373442,12.424702722160005,12.495850431772574,12.525423231026824
RCP45_2046,31.669692889386138,12.358098404779794,12.414547513791218,12.34525997143102,12.39385974488038,12.667651200129391,12.694646275184663,12.64945147224336
RCP45_2047,30.58770525838885,12.639081060089648,12.633758663958302,12.71742670332257,12.74138544377721,12.64414236577356,12.590413351734572,12.609046384893428
RCP45_2048,34.44830539396673,12.574955759520584,12.50611477486808,12.459978596709307,12.478406062959245,12.36320082043062,12.443288493999953,12.568266911970214
RCP45_2049,33.99667838908741,12.561317528763722,12.509965815842731,12.494050528358953,12.592066903173974,12.707913539330512,12.754348455512464,12.68830483914054
RCP45_2050,34.57608297521009,12.726973209045685,12.635796152893011,12.605077761417212,12.574187082841098,12.595326023194623,12.557452253756772,12.497259817553015
RCP45_2051,32.44459091303989,12.68911147549792,12.611496067923872,12.503450915169424,12.460284061707068,12.470309985916073,12.435410472243795,12.502738790059958
RCP45_2052,31.26036146796709,12.726895322354284,12.673867848428843,12.664131973850967,12.746442076361758,12.794706876433752,12.79899690397826,12.652200654981998
RCP45_2053,31.19135588410124,12.752237613697664,12.750490528087225,12.747037967647495,12.626781620620156,12.568460964882687,12.723885874042066,12.746943271498711
RCP45_2054,31.59011478070111,12.698088632596605,12.710596796815146,12.676997771124716,12.707851469080875,12.761770990225523,12.68990158633173,12.788359001547958
RCP45_2055,27.619893721926864,12.64968245101225,12.566604580760254,12.678646417185709,12.799062566602116,12.83596302820555,12.797691564934318,12.78434751405989
RCP45_2056,34.66361603941888,12.721311142246938,12.724999430194105,12.727882623103866,12.749570786293726,12.731777871305535,12.725536421848478,12.670130501217752
RCP45_2057,31.38699827756872,12.848472244127796,12.837361578540182,12.818189342889726,12.818950597865308,12.853378280539472,12.778643130962958,12.771641541334937
RCP45_2058,27.882807600049397,12.74702140046413,12.717121799928462,12.639319802442772,12.772383438091628,12.750569868969162,12.766969699636194,12.706150880811975
RCP45_2059,32.5286066891134,12.717678038934729,12.59401665168554,12.632025986738864,12.794747274150458,12.748098475060893,12.852110818420224,12.85205794639248
RCP45_2060,28.03734848947549,12.784463900979398,12.795813160732,12.87306201610502,12.74577073109312,12.72509658257634,12.85156057292738,12.845565902010897
RCP45_2061,28.280049938314622,12.910806472082092,12.936447269347315,12.870829835980173,12.779391845937653,12.749891099077187,12.763684371522004,12.988558844401732
RCP45_2062,28.942751696743574,12.748402938431642,12.732423913643547,12.79840752139864,12.756706103774691,12.946072031334952,12.91665422844991,12.82328103470936
RCP45_2063,29.887747871634343,12.801999640919288,12.826077416428772,12.679790171451636,12.79145307162291,12.86259364071517,12.855314095026896,12.909652171010272
RCP45_2064,27.11698522583719,12.90701975886518,12.76932903793929,12.710258087057884,12.71709284554237,12.705244027328058,12.71960042097352,12.702909814183649
RCP45_2065,30.66259174353175,12.754751151407664,12.671708231961537,12.690847355702672,12.76878376901472,12.7848690612216,12.697448620386186,12.65790513694119
RCP45_2066,34.23575385038656,12.680170055123073,12.77320969669718,12.666520894473411,12.64317321820836,12.58624919927834,12.708383599178047,12.711963008951647
RCP45_2067,30.039895772359724,12.809181924621669,12.762901026105892,12.71105711355319,12.739337536846492,12.661493284256386,12.883227649755767,12.919212846883784
RCP45_2068,28.94396830607881,12.816782209517244,12.690940064113589,12.813744608242184,12.869536294936209,12.86944823179307,12.879710889399012,12.87856773942652
RCP45_2069,31.98304172900663,12.893049575837749,12.838430357489392,12.831282533305227,12.861256106023212,12.795545654539836,12.80888622194666,12.794496687399349
RCP45_2070,29.008501897869348,12.895742307299946,12.839107004274478,12.811302158893104,12.75379568819024,12.798218261727714,12.759914512136698,12.853985510394084
RCP45_2071,33.355408678215184,12.8291664569787,12.881735477686046,12.85207192728339,12.870241239308662,12.867802546829198,12.885427154359151,12.922868966071544
RCP45_2072,31.456095575006024,12.79619499691394,12.780390144818636,12.767721334397152,12.729536186554888,12.66663229549564,12.719473698824364,12.75283862130563
RCP45_2073,31.54123342722368,12.862244281609426,12.73280657618015,12.58928751337157,12.67994341452221,12.739884914300928,12.777117953386062,12.7848198062419
RCP45_2074,30.416992701449555,12.779125327031208,12.772309573850483,12.672945389193863,12.70483525093625,12.663301694492516,12.727794706604064,12.75250779582502
RCP45_2075,28.78328763327483,12.8165150721052,12.760465019568016,12.697817649902987,12.770133384656525,12.732170481383127,12.82367994227299,12.89871913359068
RCP45_2076,29.277302164478023,12.936420496836076,12.919980885951334,12.9082606113367,12.845672805957983,12.812469571378507,12.915649536145644,13.01842331525908
RCP45_2077,30.97677504700781,12.901019623788658,12.875733846548869,12.977161734042488,13.00660463433831,12.959213172727374,12.950668542195386,12.94005868919063
RCP45_2078,32.1706334998611,12.903659335293137,12.789560396889687,12.762165134200083,12.797530021160757,12.93362486701884,12.988081811965715,12.980288307939611
RCP45_2079,30.29644122692317,13.0498155368302,13.046460803554693,13.106181941777312,12.911719609147465,12.869947562423793,12.860876930632642,12.85202354117002
RCP45_2080,29.101620456885374,12.85550172510691,12.880567895180562,12.866112609705604,12.84193324331586,12.84504379145518,12.979657592087612,12.9484894125876
RCP45_2081,30.027714280553063,12.9976887920094,12.945449106851015,12.92903228891906,12.863665506253168,12.856949528928602,12.831944080997632,12.960018326856847
RCP45_2082,30.02062280436907,12.995327002419264,12.844339775264054,12.704614597055214,12.669174606623065,12.757385345771027,12.86958999823713,12.948096734652454
RCP45_2083,27.147124293410275,12.885634477866049,12.897595746186726,13.057560391082642,13.08758912825797,13.071149612078948,12.994987240948506,12.995228439594053
RCP45_2084,26.94155723598548,13.068613612028768,13.050725238493929,12.997454410206274,12.955892167649065,13.042076039298772,13.09368238888744,13.050031848230056
RCP45_2085,28.365140642128257,13.173053685394583,13.111042545598671,13.079776911438003,13.022967916733672,13.055801430814086,13.07222704523334,13.121859803257443
RCP45_2086,30.978553136960954,12.807274324009525,12.92330230274984,12.852485431140352,12.853974077884796,12.91950762909565,12.89998782793181,12.967088462129528
RCP45_2087,30.687603420619627,12.907809414293942,12.889873517062403,12.851275025630644,12.922368899841729,12.90021532601023,12.930779549918883,13.015341253767373
RCP45_2088,26.481953858582067,12.972308675984731,13.054883215183017,12.986604946257934,12.968979727806577,12.996752128718224,13.06554286539,13.09455370502672
RCP45_2089,27.299211546890344,13.078725222880246,13.020383739386425,12.889692359274829,12.904034328036548,12.958994103925203,12.959134664465934,12.96744501896928
RCP45_2090,29.46489475878552,13.021937149625396,13.015300537511244,12.930237487675685,12.8139499503792,12.7926264903972,12.957406880439004,13.018616587066482
RCP45_2091,31.19447533042356,12.808634552637406,13.003657380967198,12.96732126240016,12.845423086556757,12.886401807628268,12.889037560054206,12.887066947560015
RCP45_2092,26.467430512176566,13.008686310559629,13.044984152162137,13.056632785821757,12.93410905818745,12.96938748829034,12.976883747785823,12.910033726216334
RCP45_2093,30.962872214934105,12.997064236030916,12.914115899032112,12.9520655525814,12.954979399621052,12.861419143187236,12.91280599792503,12.91922894322487
RCP45_2094,30.45764074121417,12.88333331028054,12.953736165870666,13.013928387510102,12.983436042625089,12.954501136494333,12.888041737665462,12.955219682688544
RCP45_2095,32.01933506090765,13.016328223000814,13.05554023501294,13.035715781798428,12.933628857047662,12.862592142831833,12.98334241573324,13.023680008483089
RCP45_2096,29.45873513231672,13.139276710606332,13.091507568833622,13.0759623408406,13.029639222718805,13.113362021262825,13.094462061224537,13.06369216533252
RCP45_2097,34.7972120639686,12.893298686526206,12.836649386876203,12.827108824186194,12.866750881679168,12.870284553221218,13.00272033746397,12.916548847661868
RCP45_2098,30.559437059227804,12.914559321314838,12.878198745720711,13.078851674805302,13.04520814510368,12.958931933304015,12.928714867653271,12.995347491667276
RCP45_2099,31.85271826507753,13.02511355492311,12.933116062328576,12.90347962187125,12.921701552583835,12.909016695397744,12.866439834310905,12.877104560751969
